sample_name,Observed,Chao1,se.chao1,ACE,se.ACE,Shannon,Simpson,InvSimpson,Fisher,BarcodeSequence,Date,Sex,Age,Reproductive Status,Time,Location,State,SampleType
21.R1,1023,1024.75,2.0093715,1024.4786,9.865398,5.3440308,0.9807985,52.079317,129.71684,GCCTCTACGTCG,1/24/2021,Female,Adult,1 fetus,1900,Anchorage,Alaska,Rumen
21.R10,108,108,0,108,3.872983,0.4140872,0.1017085,1.113224,11.40695,GGTTGCCCTGTA,1/28/2022,Female,Adult,NA,832,Wasilla,Alaska,Colon
21.R11,455,457.5,3.1617376,456.1423,7.021601,2.1596533,0.4956051,1.982574,59.61151,CATATAGCCCGA,2/19/2022,Female,Adult,NA,2009,Palmer,Alaska,Rumen
21.R2,108,108,0,108,4.320494,3.0099813,0.8206268,5.574968,17.90364,ACTACTGAGGAT,1/24/2021,Female,Adult,1 fetus,1900,Anchorage,Alaska,Cecum
21.R3,1375,1390,8.6572437,1380.949,11.771458,5.8379185,0.9920273,125.427904,185.90784,AATTCACCTCCT,1/14/2021,Female,Calf,N/A,1000,Palmer,Alaska,Rumen
21.R4,925,940.3,9.5648743,931.8484,9.219935,4.2692775,0.89038,9.122421,123.62685,CGTATAAATGCG,1/14/2021,Female,Calf,N/A,1001,Palmer,Alaska,Cecum
21.R5,316,317,1.8175161,316.4407,6.533612,3.7757524,0.9264971,13.604908,44.17301,ATGCTGCAACAC,12/8/2021,Female,Calf,N/A,2240,Wasilla,Alaska,Rumen
21.R6,1394,1398.6667,4.4933135,1395.9068,8.879815,6.0848996,0.9948945,195.868936,183.73438,ACTCGCTCGCTG,12/8/2021,Female,Calf,N/A,2240,Wasilla,Alaska,Cecum
21.R7,370,373.3333,4.1282371,371.0938,6.708387,2.3384445,0.6139627,2.590423,44.61601,TTCCTTAGTAGT,12/8/2021,Female,Calf,N/A,2240,Wasilla,Alaska,Colon
21.R8,97,97,0,97,3.461124,0.4812535,0.1260079,1.144175,10.51197,CGTCCGTATGAA,1/28/2022,Female,Adult,NA,830,Wasilla,Alaska,Rumen
21.R9,133,133,0.4981168,133.1681,3.909368,0.513506,0.1276256,1.146297,13.94944,ACGTGAGGAACG,1/28/2022,Female,Adult,NA,831,Wasilla,Alaska,Cecum
